﻿<parameters>
  <parameter name="IIS Web Application Name" defaultValue="testdrive" tags="IisApp">
    <parameterEntry kind="ProviderPath" scope="IisApp" match="^C:\\Users\\jsayres\\documents\\visual\ studio\ 2015\\Projects\\TestDriveApp\\TestDriveApp\\obj\\Release\\Package\\PackageTmp$" />
    <parameterEntry kind="ProviderPath" scope="setAcl" match="^C:\\Users\\jsayres\\documents\\visual\ studio\ 2015\\Projects\\TestDriveApp\\TestDriveApp\\obj\\Release\\Package\\PackageTmp$" />
  </parameter>
  <parameter name="DefaultConnection-Web.config Connection String" defaultValue="Data Source=(LocalDB)\MSSQLLocalDB;AttachDbFilename=&quot;C:\Users\jsayres\Documents\Visual Studio 2015\Projects\TestDriveApp\TestDriveApp\App_Data\aspnet-TestDriveApp-20171010094457.mdf&quot;;Integrated Security=True;Connect Timeout=30">
    <parameterEntry kind="XmlFile" scope="C:\\Users\\jsayres\\documents\\visual\ studio\ 2015\\Projects\\TestDriveApp\\TestDriveApp\\obj\\Release\\Package\\PackageTmp\\Web\.config$" match="/configuration/connectionStrings/add[@name='DefaultConnection']/@connectionString" />
  </parameter>
  <parameter name="DefaultConnection_DatabasePublish-Web.config Connection String" description="DefaultConnection Connection String used by Entity Framework Code First Model to deploy the database." defaultValue="Data Source=(LocalDB)\MSSQLLocalDB;AttachDbFilename=&quot;C:\Users\jsayres\Documents\Visual Studio 2015\Projects\TestDriveApp\TestDriveApp\App_Data\aspnet-TestDriveApp-20171010094457.mdf&quot;;Integrated Security=True;Connect Timeout=30">
    <parameterEntry kind="XmlFile" scope="C:\\Users\\jsayres\\documents\\visual\ studio\ 2015\\Projects\\TestDriveApp\\TestDriveApp\\obj\\Release\\Package\\PackageTmp\\Web\.config$" match="/configuration/connectionStrings/add[@name='DefaultConnection_DatabasePublish']/@connectionString" />
  </parameter>
</parameters>